{"cameraMode":{"drawMode":0,"name":"Shaded","section":"Shading Mode"},"sceneLighting":true,"audioPlay":false,"sceneViewState":{"m_AlwaysRefresh":false,"showFog":false,"showSkybox":true,"showFlares":true,"showImageEffects":true,"showParticleSystems":true,"showVisualEffectGraphs":true,"m_FxEnabled":true},"in2DMode":false,"pivot":{"x":1.5036976337432862,"y":3.2372565269470217,"z":7.773440837860107},"rotation":{"x":-0.0020505113061517479,"y":0.9978360533714294,"z":-0.05874394625425339,"w":-0.03232529014348984},"size":0.6653419137001038,"orthographic":false}