{"cameraMode":{"drawMode":0,"name":"Shaded","section":"Shading Mode"},"sceneLighting":true,"audioPlay":false,"sceneViewState":{"m_AlwaysRefresh":false,"showFog":false,"showSkybox":true,"showFlares":true,"showImageEffects":true,"showParticleSystems":true,"showVisualEffectGraphs":true,"m_FxEnabled":true},"in2DMode":false,"pivot":{"x":7.285537242889404,"y":3.9389283657073976,"z":11.821895599365235},"rotation":{"x":0.0013312110677361489,"y":-0.9916967153549194,"z":0.1289522796869278,"w":0.008888758718967438},"size":0.4152473211288452,"orthographic":false}