{"cameraMode":{"drawMode":0,"name":"Shaded","section":"Shading Mode"},"sceneLighting":true,"audioPlay":false,"sceneViewState":{"m_AlwaysRefresh":false,"showFog":true,"showSkybox":true,"showFlares":true,"showImageEffects":true,"showParticleSystems":true,"showVisualEffectGraphs":true,"m_FxEnabled":true},"in2DMode":false,"pivot":{"x":2.7381627559661867,"y":5.687561988830566,"z":7.008702754974365},"rotation":{"x":-0.0012967812363058329,"y":-0.8302529454231262,"z":0.5574750304222107,"w":-0.0020065736025571825},"size":6.459963798522949,"orthographic":false}