{"cameraMode":{"drawMode":0,"name":"Shaded","section":"Shading Mode"},"sceneLighting":true,"audioPlay":false,"sceneViewState":{"m_AlwaysRefresh":false,"showFog":false,"showSkybox":true,"showFlares":true,"showImageEffects":true,"showParticleSystems":true,"showVisualEffectGraphs":true,"m_FxEnabled":true},"in2DMode":false,"pivot":{"x":1.7928998470306397,"y":2.806652069091797,"z":2.3668746948242189},"rotation":{"x":0.0050001731142401699,"y":0.9948854446411133,"z":-0.07208070158958435,"w":0.07205780595541},"size":0.9635002017021179,"orthographic":false}