{"cameraMode":{"drawMode":0,"name":"Shaded","section":"Shading Mode"},"sceneLighting":true,"audioPlay":false,"sceneViewState":{"m_AlwaysRefresh":false,"showFog":false,"showSkybox":true,"showFlares":true,"showImageEffects":true,"showParticleSystems":true,"showVisualEffectGraphs":true,"m_FxEnabled":true},"in2DMode":false,"pivot":{"x":2.118000030517578,"y":1.7775986194610596,"z":-0.23279120028018952},"rotation":{"x":-0.0010796531569212676,"y":-0.9981633424758911,"z":0.057274844497442248,"w":-0.024858733639121057},"size":0.6653419733047485,"orthographic":false}