{"cameraMode":{"drawMode":0,"name":"Shaded","section":"Shading Mode"},"sceneLighting":true,"audioPlay":false,"sceneViewState":{"m_AlwaysRefresh":false,"showFog":false,"showSkybox":true,"showFlares":true,"showImageEffects":true,"showParticleSystems":true,"showVisualEffectGraphs":true,"m_FxEnabled":true},"in2DMode":false,"pivot":{"x":2.118000030517578,"y":1.7775986194610596,"z":-0.23279120028018952},"rotation":{"x":-0.04411611706018448,"y":0.696747362613678,"z":-0.04324948787689209,"w":-0.7148871421813965},"size":0.6653419733047485,"orthographic":false}