{"cameraMode":{"drawMode":0,"name":"Shaded","section":"Shading Mode"},"sceneLighting":true,"audioPlay":false,"sceneViewState":{"m_AlwaysRefresh":false,"showFog":true,"showSkybox":true,"showFlares":true,"showImageEffects":true,"showParticleSystems":true,"showVisualEffectGraphs":true,"m_FxEnabled":true},"in2DMode":false,"pivot":{"x":-21.24569320678711,"y":-46.848697662353519,"z":-126.55257415771485},"rotation":{"x":0.014861256815493107,"y":-0.9804180860519409,"z":0.17872080206871034,"w":0.0816745012998581},"size":74.75111389160156,"orthographic":false}