{"cameraMode":{"drawMode":0,"name":"Shaded","section":"Shading Mode"},"sceneLighting":true,"audioPlay":false,"sceneViewState":{"m_AlwaysRefresh":false,"showFog":false,"showSkybox":true,"showFlares":true,"showImageEffects":true,"showParticleSystems":true,"showVisualEffectGraphs":true,"m_FxEnabled":true},"in2DMode":false,"pivot":{"x":26.76576042175293,"y":16.022348403930665,"z":16.159135818481447},"rotation":{"x":-0.04845819249749184,"y":0.8514435291290283,"z":-0.07958852499723435,"w":-0.5162581205368042},"size":3.8742754459381105,"orthographic":false}