{"cameraMode":{"drawMode":0,"name":"Shaded","section":"Shading Mode"},"sceneLighting":true,"audioPlay":false,"sceneViewState":{"m_AlwaysRefresh":false,"showFog":false,"showSkybox":true,"showFlares":true,"showImageEffects":true,"showParticleSystems":true,"showVisualEffectGraphs":true,"m_FxEnabled":true},"in2DMode":false,"pivot":{"x":861.6920166015625,"y":232.46798706054688,"z":9.91864013671875},"rotation":{"x":-0.007812860421836377,"y":0.01108499150723219,"z":0.0002492156927473843,"w":-1.0000245571136475},"size":388.7559814453125,"orthographic":false}