{"cameraMode":{"drawMode":0,"name":"Shaded","section":"Shading Mode"},"sceneLighting":true,"audioPlay":false,"sceneViewState":{"m_AlwaysRefresh":false,"showFog":false,"showSkybox":true,"showFlares":true,"showImageEffects":true,"showParticleSystems":true,"showVisualEffectGraphs":true,"m_FxEnabled":true},"in2DMode":false,"pivot":{"x":871.4664916992188,"y":310.2554016113281,"z":-464.3223876953125},"rotation":{"x":0.03630618378520012,"y":0.015535005368292332,"z":-0.0003180059138685465,"w":0.9993864893913269},"size":334.1737976074219,"orthographic":false}