{"cameraMode":{"drawMode":0,"name":"Shaded","section":"Shading Mode"},"sceneLighting":true,"audioPlay":false,"sceneViewState":{"m_AlwaysRefresh":false,"showFog":false,"showSkybox":true,"showFlares":true,"showImageEffects":true,"showParticleSystems":true,"showVisualEffectGraphs":true,"m_FxEnabled":true},"in2DMode":false,"pivot":{"x":606.3097534179688,"y":326.8305969238281,"z":-149.69503784179688},"rotation":{"x":0.02281143330037594,"y":0.0035407980903983118,"z":0.00016427137597929686,"w":0.9999093413352966},"size":215.51339721679688,"orthographic":false}