{"cameraMode":{"drawMode":0,"name":"Shaded","section":"Shading Mode"},"sceneLighting":true,"audioPlay":false,"sceneViewState":{"m_AlwaysRefresh":false,"showFog":false,"showSkybox":true,"showFlares":true,"showImageEffects":true,"showParticleSystems":true,"showVisualEffectGraphs":true,"m_FxEnabled":true},"in2DMode":false,"pivot":{"x":594.054931640625,"y":364.0321960449219,"z":289.25469970703127},"rotation":{"x":0.004810028709471226,"y":-0.0024657314643263818,"z":-0.00018295114568900317,"w":1.0001633167266846},"size":489.3611145019531,"orthographic":false}